function name,modifiers,type params,type params number,type params have bound,params number,has block body,has initializer,body length,is top level,is inside class,is inside function,is functional expression,line number,file path
is before,infix,<T : TemporalAccessor>,1,true,1,false,true,19,true,false,false,false,15,/home/furetur/IdeaProjects/kotlin-stats-extractor/src/main/resources/datasets/strikt/strikt-main/strikt-jvm/src/main/kotlin/strikt/java/time/TemporalAccessor.kt
is after,infix,<T : TemporalAccessor>,1,true,1,false,true,19,true,false,false,false,36,/home/furetur/IdeaProjects/kotlin-stats-extractor/src/main/resources/datasets/strikt/strikt-main/strikt-jvm/src/main/kotlin/strikt/java/time/TemporalAccessor.kt
get,,<T : TemporalAccessor>,1,true,1,false,true,10,true,false,false,false,57,/home/furetur/IdeaProjects/kotlin-stats-extractor/src/main/resources/datasets/strikt/strikt-main/strikt-jvm/src/main/kotlin/strikt/java/time/TemporalAccessor.kt
get long,,<T : TemporalAccessor>,1,true,1,false,true,10,true,false,false,false,69,/home/furetur/IdeaProjects/kotlin-stats-extractor/src/main/resources/datasets/strikt/strikt-main/strikt-jvm/src/main/kotlin/strikt/java/time/TemporalAccessor.kt
properties are equal to,infix,<T : Any>,1,true,1,false,true,51,true,false,false,false,7,/home/furetur/IdeaProjects/kotlin-stats-extractor/src/main/resources/datasets/strikt/strikt-main/strikt-jvm/src/main/kotlin/strikt/java/Any.kt
to path,,<T : File>,1,true,0,false,true,6,true,false,false,false,32,/home/furetur/IdeaProjects/kotlin-stats-extractor/src/main/resources/datasets/strikt/strikt-main/strikt-jvm/src/main/kotlin/strikt/java/File.kt
lines,,<T : File>,1,true,1,false,true,7,true,false,false,false,73,/home/furetur/IdeaProjects/kotlin-stats-extractor/src/main/resources/datasets/strikt/strikt-main/strikt-jvm/src/main/kotlin/strikt/java/File.kt
text,,<T : File>,1,true,1,false,true,7,true,false,false,false,82,/home/furetur/IdeaProjects/kotlin-stats-extractor/src/main/resources/datasets/strikt/strikt-main/strikt-jvm/src/main/kotlin/strikt/java/File.kt
child file,,<T : File>,1,true,1,false,true,4,true,false,false,false,101,/home/furetur/IdeaProjects/kotlin-stats-extractor/src/main/resources/datasets/strikt/strikt-main/strikt-jvm/src/main/kotlin/strikt/java/File.kt
exists,,<T : File>,1,true,0,false,true,11,true,false,false,false,107,/home/furetur/IdeaProjects/kotlin-stats-extractor/src/main/resources/datasets/strikt/strikt-main/strikt-jvm/src/main/kotlin/strikt/java/File.kt
not exists,,<T : File>,1,true,0,false,true,11,true,false,false,false,120,/home/furetur/IdeaProjects/kotlin-stats-extractor/src/main/resources/datasets/strikt/strikt-main/strikt-jvm/src/main/kotlin/strikt/java/File.kt
is regular file,,<T : File>,1,true,0,false,true,11,true,false,false,false,133,/home/furetur/IdeaProjects/kotlin-stats-extractor/src/main/resources/datasets/strikt/strikt-main/strikt-jvm/src/main/kotlin/strikt/java/File.kt
is not regular file,,<T : File>,1,true,0,false,true,11,true,false,false,false,146,/home/furetur/IdeaProjects/kotlin-stats-extractor/src/main/resources/datasets/strikt/strikt-main/strikt-jvm/src/main/kotlin/strikt/java/File.kt
is directory,,<T : File>,1,true,0,false,true,11,true,false,false,false,159,/home/furetur/IdeaProjects/kotlin-stats-extractor/src/main/resources/datasets/strikt/strikt-main/strikt-jvm/src/main/kotlin/strikt/java/File.kt
is not directory,,<T : File>,1,true,0,false,true,11,true,false,false,false,172,/home/furetur/IdeaProjects/kotlin-stats-extractor/src/main/resources/datasets/strikt/strikt-main/strikt-jvm/src/main/kotlin/strikt/java/File.kt
is readable,,<T : File>,1,true,0,false,true,11,true,false,false,false,185,/home/furetur/IdeaProjects/kotlin-stats-extractor/src/main/resources/datasets/strikt/strikt-main/strikt-jvm/src/main/kotlin/strikt/java/File.kt
is not readable,,<T : File>,1,true,0,false,true,11,true,false,false,false,198,/home/furetur/IdeaProjects/kotlin-stats-extractor/src/main/resources/datasets/strikt/strikt-main/strikt-jvm/src/main/kotlin/strikt/java/File.kt
is writable,,<T : File>,1,true,0,false,true,11,true,false,false,false,211,/home/furetur/IdeaProjects/kotlin-stats-extractor/src/main/resources/datasets/strikt/strikt-main/strikt-jvm/src/main/kotlin/strikt/java/File.kt
is not writable,,<T : File>,1,true,0,false,true,11,true,false,false,false,224,/home/furetur/IdeaProjects/kotlin-stats-extractor/src/main/resources/datasets/strikt/strikt-main/strikt-jvm/src/main/kotlin/strikt/java/File.kt
is executable,,<T : File>,1,true,0,false,true,11,true,false,false,false,237,/home/furetur/IdeaProjects/kotlin-stats-extractor/src/main/resources/datasets/strikt/strikt-main/strikt-jvm/src/main/kotlin/strikt/java/File.kt
is not executable,,<T : File>,1,true,0,false,true,11,true,false,false,false,250,/home/furetur/IdeaProjects/kotlin-stats-extractor/src/main/resources/datasets/strikt/strikt-main/strikt-jvm/src/main/kotlin/strikt/java/File.kt
ends with,infix,<T : Path>,1,true,1,false,true,13,true,false,false,false,10,/home/furetur/IdeaProjects/kotlin-stats-extractor/src/main/resources/datasets/strikt/strikt-main/strikt-jvm/src/main/kotlin/strikt/java/Path.kt
ends with,infix,<T : Path>,1,true,1,false,true,13,true,false,false,false,25,/home/furetur/IdeaProjects/kotlin-stats-extractor/src/main/resources/datasets/strikt/strikt-main/strikt-jvm/src/main/kotlin/strikt/java/Path.kt
is absolute,,<T : Path>,1,true,0,false,true,6,true,false,false,false,48,/home/furetur/IdeaProjects/kotlin-stats-extractor/src/main/resources/datasets/strikt/strikt-main/strikt-jvm/src/main/kotlin/strikt/java/Path.kt
resolve,infix,<T : Path>,1,true,1,false,true,7,true,false,false,false,64,/home/furetur/IdeaProjects/kotlin-stats-extractor/src/main/resources/datasets/strikt/strikt-main/strikt-jvm/src/main/kotlin/strikt/java/Path.kt
resolve,infix,<T : Path>,1,true,1,false,true,7,true,false,false,false,73,/home/furetur/IdeaProjects/kotlin-stats-extractor/src/main/resources/datasets/strikt/strikt-main/strikt-jvm/src/main/kotlin/strikt/java/Path.kt
starts with,infix,<T : Path>,1,true,1,false,true,7,true,false,false,false,82,/home/furetur/IdeaProjects/kotlin-stats-extractor/src/main/resources/datasets/strikt/strikt-main/strikt-jvm/src/main/kotlin/strikt/java/Path.kt
starts with,infix,<T : Path>,1,true,1,false,true,7,true,false,false,false,91,/home/furetur/IdeaProjects/kotlin-stats-extractor/src/main/resources/datasets/strikt/strikt-main/strikt-jvm/src/main/kotlin/strikt/java/Path.kt
to file,,<T : Path>,1,true,0,false,true,6,true,false,false,false,100,/home/furetur/IdeaProjects/kotlin-stats-extractor/src/main/resources/datasets/strikt/strikt-main/strikt-jvm/src/main/kotlin/strikt/java/Path.kt
exists,,<T : Path>,1,true,1,false,true,7,true,false,false,false,109,/home/furetur/IdeaProjects/kotlin-stats-extractor/src/main/resources/datasets/strikt/strikt-main/strikt-jvm/src/main/kotlin/strikt/java/Path.kt
is directory,,<T : Path>,1,true,1,false,true,7,true,false,false,false,118,/home/furetur/IdeaProjects/kotlin-stats-extractor/src/main/resources/datasets/strikt/strikt-main/strikt-jvm/src/main/kotlin/strikt/java/Path.kt
is executable,,<T : Path>,1,true,0,false,true,6,true,false,false,false,127,/home/furetur/IdeaProjects/kotlin-stats-extractor/src/main/resources/datasets/strikt/strikt-main/strikt-jvm/src/main/kotlin/strikt/java/Path.kt
is readable,,<T : Path>,1,true,0,false,true,6,true,false,false,false,135,/home/furetur/IdeaProjects/kotlin-stats-extractor/src/main/resources/datasets/strikt/strikt-main/strikt-jvm/src/main/kotlin/strikt/java/Path.kt
is regular file,,<T : Path>,1,true,1,false,true,7,true,false,false,false,143,/home/furetur/IdeaProjects/kotlin-stats-extractor/src/main/resources/datasets/strikt/strikt-main/strikt-jvm/src/main/kotlin/strikt/java/Path.kt
is symbolic link,,<T : Path>,1,true,0,false,true,6,true,false,false,false,152,/home/furetur/IdeaProjects/kotlin-stats-extractor/src/main/resources/datasets/strikt/strikt-main/strikt-jvm/src/main/kotlin/strikt/java/Path.kt
all bytes,,<T : Path>,1,true,0,false,true,6,true,false,false,false,160,/home/furetur/IdeaProjects/kotlin-stats-extractor/src/main/resources/datasets/strikt/strikt-main/strikt-jvm/src/main/kotlin/strikt/java/Path.kt
all lines,,<T : Path>,1,true,1,false,true,7,true,false,false,false,168,/home/furetur/IdeaProjects/kotlin-stats-extractor/src/main/resources/datasets/strikt/strikt-main/strikt-jvm/src/main/kotlin/strikt/java/Path.kt
is present,,<T>,1,false,0,false,true,6,true,false,false,false,5,/home/furetur/IdeaProjects/kotlin-stats-extractor/src/main/resources/datasets/strikt/strikt-main/strikt-jvm/src/main/kotlin/strikt/java/Optional.kt
is absent,,<T>,1,false,0,false,true,6,true,false,false,false,13,/home/furetur/IdeaProjects/kotlin-stats-extractor/src/main/resources/datasets/strikt/strikt-main/strikt-jvm/src/main/kotlin/strikt/java/Optional.kt
to nullable,,<T>,1,false,0,false,true,4,true,false,false,false,21,/home/furetur/IdeaProjects/kotlin-stats-extractor/src/main/resources/datasets/strikt/strikt-main/strikt-jvm/src/main/kotlin/strikt/java/Optional.kt
join full name,private,,0,false,0,false,true,1,false,false,false,false,31,/home/furetur/IdeaProjects/kotlin-stats-extractor/src/main/resources/datasets/strikt/strikt-main/strikt-jvm/src/test/kotlin/strikt/java/FileAssertions.kt
join full name,private,,0,false,0,false,true,1,false,false,false,false,27,/home/furetur/IdeaProjects/kotlin-stats-extractor/src/main/resources/datasets/strikt/strikt-main/strikt-jvm/src/test/kotlin/strikt/java/PathAssertions.kt
describe,private,"<Receiver, Result>",2,false,0,false,true,15,true,false,false,false,321,/home/furetur/IdeaProjects/kotlin-stats-extractor/src/main/resources/datasets/strikt/strikt-main/strikt-core/src/main/kotlin/strikt/api/Assertion.kt
format values,internal,,0,false,0,true,false,8,true,false,false,false,5,/home/furetur/IdeaProjects/kotlin-stats-extractor/src/main/resources/datasets/strikt/strikt-main/strikt-core/src/main/kotlin/strikt/internal/reporting/Formatting.kt
with type suffix,private,,0,false,1,false,true,4,true,false,false,false,15,/home/furetur/IdeaProjects/kotlin-stats-extractor/src/main/resources/datasets/strikt/strikt-main/strikt-core/src/main/kotlin/strikt/internal/reporting/Formatting.kt
prefer to string,private,,0,false,0,false,true,1,true,false,false,false,46,/home/furetur/IdeaProjects/kotlin-stats-extractor/src/main/resources/datasets/strikt/strikt-main/strikt-core/src/main/kotlin/strikt/internal/reporting/Formatting.kt
to hex,internal,,0,false,0,true,false,8,true,false,false,false,50,/home/furetur/IdeaProjects/kotlin-stats-extractor/src/main/resources/datasets/strikt/strikt-main/strikt-core/src/main/kotlin/strikt/internal/reporting/Formatting.kt
truncate,private,,0,false,1,false,true,4,true,false,false,false,62,/home/furetur/IdeaProjects/kotlin-stats-extractor/src/main/resources/datasets/strikt/strikt-main/strikt-core/src/main/kotlin/strikt/internal/reporting/Formatting.kt
write to string,internal,,0,false,1,false,true,5,true,false,false,false,17,/home/furetur/IdeaProjects/kotlin-stats-extractor/src/main/resources/datasets/strikt/strikt-main/strikt-core/src/main/kotlin/strikt/internal/reporting/ResultWriter.kt
write partial to string,internal,,0,false,1,false,true,5,true,false,false,false,24,/home/furetur/IdeaProjects/kotlin-stats-extractor/src/main/resources/datasets/strikt/strikt-main/strikt-core/src/main/kotlin/strikt/internal/reporting/ResultWriter.kt
write to string,internal,,0,false,1,false,true,5,true,false,false,false,31,/home/furetur/IdeaProjects/kotlin-stats-extractor/src/main/resources/datasets/strikt/strikt-main/strikt-core/src/main/kotlin/strikt/internal/reporting/ResultWriter.kt
add ancestors to,private,<S>,1,false,1,true,false,7,false,true,false,false,35,/home/furetur/IdeaProjects/kotlin-stats-extractor/src/main/resources/datasets/strikt/strikt-main/strikt-core/src/main/kotlin/strikt/internal/reporting/DefaultResultWriter.kt
write subject,private,,0,false,2,true,false,22,false,true,false,false,75,/home/furetur/IdeaProjects/kotlin-stats-extractor/src/main/resources/datasets/strikt/strikt-main/strikt-core/src/main/kotlin/strikt/internal/reporting/DefaultResultWriter.kt
write result,private,,0,false,2,true,false,51,false,true,false,false,99,/home/furetur/IdeaProjects/kotlin-stats-extractor/src/main/resources/datasets/strikt/strikt-main/strikt-core/src/main/kotlin/strikt/internal/reporting/DefaultResultWriter.kt
find failure nodes,private,,0,false,0,true,false,13,false,true,false,false,130,/home/furetur/IdeaProjects/kotlin-stats-extractor/src/main/resources/datasets/strikt/strikt-main/strikt-core/src/main/kotlin/strikt/internal/AssertionStrategy.kt
is null,,<T>,1,false,0,false,true,10,true,false,false,false,4,/home/furetur/IdeaProjects/kotlin-stats-extractor/src/main/resources/datasets/strikt/strikt-main/strikt-core/src/main/kotlin/strikt/assertions/Any.kt
is not null,,<T>,1,false,0,false,true,12,true,false,false,false,16,/home/furetur/IdeaProjects/kotlin-stats-extractor/src/main/resources/datasets/strikt/strikt-main/strikt-core/src/main/kotlin/strikt/assertions/Any.kt
is a,inline,<reified T>,1,false,0,false,true,13,true,false,false,false,30,/home/furetur/IdeaProjects/kotlin-stats-extractor/src/main/resources/datasets/strikt/strikt-main/strikt-core/src/main/kotlin/strikt/assertions/Any.kt
is equal to,infix,<T>,1,false,1,false,true,21,true,false,false,false,45,/home/furetur/IdeaProjects/kotlin-stats-extractor/src/main/resources/datasets/strikt/strikt-main/strikt-core/src/main/kotlin/strikt/assertions/Any.kt
is not equal to,infix,<T>,1,false,1,false,true,12,true,false,false,false,68,/home/furetur/IdeaProjects/kotlin-stats-extractor/src/main/resources/datasets/strikt/strikt-main/strikt-core/src/main/kotlin/strikt/assertions/Any.kt
is same instance as,infix,<T>,1,false,1,false,true,12,true,false,false,false,82,/home/furetur/IdeaProjects/kotlin-stats-extractor/src/main/resources/datasets/strikt/strikt-main/strikt-core/src/main/kotlin/strikt/assertions/Any.kt
is not same instance as,infix,<T>,1,false,1,false,true,12,true,false,false,false,96,/home/furetur/IdeaProjects/kotlin-stats-extractor/src/main/resources/datasets/strikt/strikt-main/strikt-core/src/main/kotlin/strikt/assertions/Any.kt
is contained in,infix,<T>,1,false,1,false,true,12,true,false,false,false,110,/home/furetur/IdeaProjects/kotlin-stats-extractor/src/main/resources/datasets/strikt/strikt-main/strikt-core/src/main/kotlin/strikt/assertions/Any.kt
is empty,,"<T : Map<K, V>, K, V>",3,true,0,false,true,4,true,false,false,false,5,/home/furetur/IdeaProjects/kotlin-stats-extractor/src/main/resources/datasets/strikt/strikt-main/strikt-core/src/main/kotlin/strikt/assertions/Map.kt
is not empty,,"<T : Map<K, V>, K, V>",3,true,0,false,true,4,true,false,false,false,11,/home/furetur/IdeaProjects/kotlin-stats-extractor/src/main/resources/datasets/strikt/strikt-main/strikt-core/src/main/kotlin/strikt/assertions/Map.kt
has size,infix,"<T : Map<K, V>, K, V>",3,true,1,false,true,9,true,false,false,false,17,/home/furetur/IdeaProjects/kotlin-stats-extractor/src/main/resources/datasets/strikt/strikt-main/strikt-core/src/main/kotlin/strikt/assertions/Map.kt
get,operator,"<T : Map<K, V>, K, V>",3,true,1,false,true,8,true,false,false,false,28,/home/furetur/IdeaProjects/kotlin-stats-extractor/src/main/resources/datasets/strikt/strikt-main/strikt-core/src/main/kotlin/strikt/assertions/Map.kt
get value,infix,"<T : Map<K, V>, K, V>",3,true,1,false,true,10,true,false,false,false,38,/home/furetur/IdeaProjects/kotlin-stats-extractor/src/main/resources/datasets/strikt/strikt-main/strikt-core/src/main/kotlin/strikt/assertions/Map.kt
with value,,"<T : Map<K, V>, K, V>",3,true,2,false,true,11,true,false,false,false,50,/home/furetur/IdeaProjects/kotlin-stats-extractor/src/main/resources/datasets/strikt/strikt-main/strikt-core/src/main/kotlin/strikt/assertions/Map.kt
contains key,infix,"<T : Map<K, V>, K, V>",3,true,1,false,true,8,true,false,false,false,63,/home/furetur/IdeaProjects/kotlin-stats-extractor/src/main/resources/datasets/strikt/strikt-main/strikt-core/src/main/kotlin/strikt/assertions/Map.kt
contains keys,,"<T : Map<K, V>, K, V>",3,true,1,false,true,8,true,false,false,false,73,/home/furetur/IdeaProjects/kotlin-stats-extractor/src/main/resources/datasets/strikt/strikt-main/strikt-core/src/main/kotlin/strikt/assertions/Map.kt
has entry,,"<T : Map<K, V>, K, V>",3,true,2,false,true,8,true,false,false,false,83,/home/furetur/IdeaProjects/kotlin-stats-extractor/src/main/resources/datasets/strikt/strikt-main/strikt-core/src/main/kotlin/strikt/assertions/Map.kt
is one of,,<T : Enum<T>>,1,true,1,false,true,10,true,false,false,false,20,/home/furetur/IdeaProjects/kotlin-stats-extractor/src/main/resources/datasets/strikt/strikt-main/strikt-core/src/main/kotlin/strikt/assertions/Enum.kt
get,operator,"<T : List<E>, E>",2,true,1,false,true,5,true,false,false,false,5,/home/furetur/IdeaProjects/kotlin-stats-extractor/src/main/resources/datasets/strikt/strikt-main/strikt-core/src/main/kotlin/strikt/assertions/List.kt
get,operator,"<T : List<E>, E>",2,true,1,false,true,7,true,false,false,false,12,/home/furetur/IdeaProjects/kotlin-stats-extractor/src/main/resources/datasets/strikt/strikt-main/strikt-core/src/main/kotlin/strikt/assertions/List.kt
contains sequence,,"<T : List<E>, E>",2,true,1,false,true,4,true,false,false,false,21,/home/furetur/IdeaProjects/kotlin-stats-extractor/src/main/resources/datasets/strikt/strikt-main/strikt-core/src/main/kotlin/strikt/assertions/List.kt
contains sequence,,"<T : List<E>, E>",2,true,1,false,true,15,true,false,false,false,27,/home/furetur/IdeaProjects/kotlin-stats-extractor/src/main/resources/datasets/strikt/strikt-main/strikt-core/src/main/kotlin/strikt/assertions/List.kt
content equals,infix,<T>,1,false,1,false,true,7,true,false,false,false,4,/home/furetur/IdeaProjects/kotlin-stats-extractor/src/main/resources/datasets/strikt/strikt-main/strikt-core/src/main/kotlin/strikt/assertions/Arrays.kt
is empty,,<T>,1,false,0,false,true,6,true,false,false,false,13,/home/furetur/IdeaProjects/kotlin-stats-extractor/src/main/resources/datasets/strikt/strikt-main/strikt-core/src/main/kotlin/strikt/assertions/Arrays.kt
content equals,infix,,0,false,1,false,true,7,true,false,false,false,21,/home/furetur/IdeaProjects/kotlin-stats-extractor/src/main/resources/datasets/strikt/strikt-main/strikt-core/src/main/kotlin/strikt/assertions/Arrays.kt
is empty,,,0,false,0,false,true,6,true,false,false,false,30,/home/furetur/IdeaProjects/kotlin-stats-extractor/src/main/resources/datasets/strikt/strikt-main/strikt-core/src/main/kotlin/strikt/assertions/Arrays.kt
content equals,infix,,0,false,1,false,true,7,true,false,false,false,38,/home/furetur/IdeaProjects/kotlin-stats-extractor/src/main/resources/datasets/strikt/strikt-main/strikt-core/src/main/kotlin/strikt/assertions/Arrays.kt
is empty,,,0,false,0,false,true,6,true,false,false,false,47,/home/furetur/IdeaProjects/kotlin-stats-extractor/src/main/resources/datasets/strikt/strikt-main/strikt-core/src/main/kotlin/strikt/assertions/Arrays.kt
content equals,infix,,0,false,1,false,true,7,true,false,false,false,55,/home/furetur/IdeaProjects/kotlin-stats-extractor/src/main/resources/datasets/strikt/strikt-main/strikt-core/src/main/kotlin/strikt/assertions/Arrays.kt
is empty,,,0,false,0,false,true,6,true,false,false,false,64,/home/furetur/IdeaProjects/kotlin-stats-extractor/src/main/resources/datasets/strikt/strikt-main/strikt-core/src/main/kotlin/strikt/assertions/Arrays.kt
content equals,infix,,0,false,1,false,true,7,true,false,false,false,72,/home/furetur/IdeaProjects/kotlin-stats-extractor/src/main/resources/datasets/strikt/strikt-main/strikt-core/src/main/kotlin/strikt/assertions/Arrays.kt
is empty,,,0,false,0,false,true,6,true,false,false,false,81,/home/furetur/IdeaProjects/kotlin-stats-extractor/src/main/resources/datasets/strikt/strikt-main/strikt-core/src/main/kotlin/strikt/assertions/Arrays.kt
content equals,infix,,0,false,1,false,true,7,true,false,false,false,89,/home/furetur/IdeaProjects/kotlin-stats-extractor/src/main/resources/datasets/strikt/strikt-main/strikt-core/src/main/kotlin/strikt/assertions/Arrays.kt
is empty,,,0,false,0,false,true,6,true,false,false,false,98,/home/furetur/IdeaProjects/kotlin-stats-extractor/src/main/resources/datasets/strikt/strikt-main/strikt-core/src/main/kotlin/strikt/assertions/Arrays.kt
content equals,infix,,0,false,1,false,true,7,true,false,false,false,106,/home/furetur/IdeaProjects/kotlin-stats-extractor/src/main/resources/datasets/strikt/strikt-main/strikt-core/src/main/kotlin/strikt/assertions/Arrays.kt
is empty,,,0,false,0,false,true,6,true,false,false,false,115,/home/furetur/IdeaProjects/kotlin-stats-extractor/src/main/resources/datasets/strikt/strikt-main/strikt-core/src/main/kotlin/strikt/assertions/Arrays.kt
content equals,infix,,0,false,1,false,true,7,true,false,false,false,123,/home/furetur/IdeaProjects/kotlin-stats-extractor/src/main/resources/datasets/strikt/strikt-main/strikt-core/src/main/kotlin/strikt/assertions/Arrays.kt
is empty,,,0,false,0,false,true,6,true,false,false,false,132,/home/furetur/IdeaProjects/kotlin-stats-extractor/src/main/resources/datasets/strikt/strikt-main/strikt-core/src/main/kotlin/strikt/assertions/Arrays.kt
content equals,infix,,0,false,1,false,true,7,true,false,false,false,140,/home/furetur/IdeaProjects/kotlin-stats-extractor/src/main/resources/datasets/strikt/strikt-main/strikt-core/src/main/kotlin/strikt/assertions/Arrays.kt
is empty,,,0,false,0,false,true,6,true,false,false,false,149,/home/furetur/IdeaProjects/kotlin-stats-extractor/src/main/resources/datasets/strikt/strikt-main/strikt-core/src/main/kotlin/strikt/assertions/Arrays.kt
to list,,<T>,1,false,0,false,true,4,true,false,false,false,157,/home/furetur/IdeaProjects/kotlin-stats-extractor/src/main/resources/datasets/strikt/strikt-main/strikt-core/src/main/kotlin/strikt/assertions/Arrays.kt
is equal to,,,0,false,2,false,true,10,true,false,false,false,5,/home/furetur/IdeaProjects/kotlin-stats-extractor/src/main/resources/datasets/strikt/strikt-main/strikt-core/src/main/kotlin/strikt/assertions/Number.kt
is equal to,,,0,false,2,false,true,10,true,false,false,false,17,/home/furetur/IdeaProjects/kotlin-stats-extractor/src/main/resources/datasets/strikt/strikt-main/strikt-core/src/main/kotlin/strikt/assertions/Number.kt
is failure,,<R>,1,false,0,false,true,31,true,false,false,false,4,/home/furetur/IdeaProjects/kotlin-stats-extractor/src/main/resources/datasets/strikt/strikt-main/strikt-core/src/main/kotlin/strikt/assertions/Result.kt
is success,,<R>,1,false,0,false,true,29,true,false,false,false,37,/home/furetur/IdeaProjects/kotlin-stats-extractor/src/main/resources/datasets/strikt/strikt-main/strikt-core/src/main/kotlin/strikt/assertions/Result.kt
succeeded,,<T : Any?>,1,true,0,false,true,11,true,false,false,false,68,/home/furetur/IdeaProjects/kotlin-stats-extractor/src/main/resources/datasets/strikt/strikt-main/strikt-core/src/main/kotlin/strikt/assertions/Result.kt
failed,,<T : Any?>,1,true,0,false,true,11,true,false,false,false,81,/home/furetur/IdeaProjects/kotlin-stats-extractor/src/main/resources/datasets/strikt/strikt-main/strikt-core/src/main/kotlin/strikt/assertions/Result.kt
failed with,inline,<reified E : Throwable>,1,true,0,false,true,8,true,false,false,false,94,/home/furetur/IdeaProjects/kotlin-stats-extractor/src/main/resources/datasets/strikt/strikt-main/strikt-core/src/main/kotlin/strikt/assertions/Result.kt
does not throw,,<R : Any>,1,true,0,false,true,21,true,false,false,false,104,/home/furetur/IdeaProjects/kotlin-stats-extractor/src/main/resources/datasets/strikt/strikt-main/strikt-core/src/main/kotlin/strikt/assertions/Result.kt
is equal to ignoring case,infix,,0,false,1,false,true,9,true,false,false,false,4,/home/furetur/IdeaProjects/kotlin-stats-extractor/src/main/resources/datasets/strikt/strikt-main/strikt-core/src/main/kotlin/strikt/assertions/String.kt
is true,,<T : Boolean?>,1,true,0,false,true,6,true,false,false,false,4,/home/furetur/IdeaProjects/kotlin-stats-extractor/src/main/resources/datasets/strikt/strikt-main/strikt-core/src/main/kotlin/strikt/assertions/Boolean.kt
is false,,<T : Boolean?>,1,true,0,false,true,6,true,false,false,false,12,/home/furetur/IdeaProjects/kotlin-stats-extractor/src/main/resources/datasets/strikt/strikt-main/strikt-core/src/main/kotlin/strikt/assertions/Boolean.kt
count,,,0,false,0,false,true,6,true,false,false,false,4,/home/furetur/IdeaProjects/kotlin-stats-extractor/src/main/resources/datasets/strikt/strikt-main/strikt-core/src/main/kotlin/strikt/assertions/Iterable.kt
count,,"<T : Iterable<E>, E>",2,true,2,false,true,9,true,false,false,false,12,/home/furetur/IdeaProjects/kotlin-stats-extractor/src/main/resources/datasets/strikt/strikt-main/strikt-core/src/main/kotlin/strikt/assertions/Iterable.kt
map,infix,"<T : Iterable<E>, E, R>",3,true,1,false,true,5,true,false,false,false,23,/home/furetur/IdeaProjects/kotlin-stats-extractor/src/main/resources/datasets/strikt/strikt-main/strikt-core/src/main/kotlin/strikt/assertions/Iterable.kt
first,,"<T : Iterable<E>, E>",2,true,0,false,true,7,true,false,false,false,30,/home/furetur/IdeaProjects/kotlin-stats-extractor/src/main/resources/datasets/strikt/strikt-main/strikt-core/src/main/kotlin/strikt/assertions/Iterable.kt
with first,,"<T : Iterable<E>, E>",2,true,1,false,true,8,true,false,false,false,39,/home/furetur/IdeaProjects/kotlin-stats-extractor/src/main/resources/datasets/strikt/strikt-main/strikt-core/src/main/kotlin/strikt/assertions/Iterable.kt
element at,,"<T : Iterable<E>, E>",2,true,1,false,true,7,true,false,false,false,49,/home/furetur/IdeaProjects/kotlin-stats-extractor/src/main/resources/datasets/strikt/strikt-main/strikt-core/src/main/kotlin/strikt/assertions/Iterable.kt
with element at,,"<T : Iterable<E>, E>",2,true,2,false,true,11,true,false,false,false,58,/home/furetur/IdeaProjects/kotlin-stats-extractor/src/main/resources/datasets/strikt/strikt-main/strikt-core/src/main/kotlin/strikt/assertions/Iterable.kt
single,,"<T : Collection<E>, E>",2,true,0,false,true,11,true,false,false,false,71,/home/furetur/IdeaProjects/kotlin-stats-extractor/src/main/resources/datasets/strikt/strikt-main/strikt-core/src/main/kotlin/strikt/assertions/Iterable.kt
first,infix,"<T : Iterable<E>, E>",2,true,1,false,true,8,true,false,false,false,84,/home/furetur/IdeaProjects/kotlin-stats-extractor/src/main/resources/datasets/strikt/strikt-main/strikt-core/src/main/kotlin/strikt/assertions/Iterable.kt
with first,,"<T : Iterable<E>, E>",2,true,2,false,true,11,true,false,false,false,94,/home/furetur/IdeaProjects/kotlin-stats-extractor/src/main/resources/datasets/strikt/strikt-main/strikt-core/src/main/kotlin/strikt/assertions/Iterable.kt
last,,"<T : Iterable<E>, E>",2,true,0,false,true,7,true,false,false,false,107,/home/furetur/IdeaProjects/kotlin-stats-extractor/src/main/resources/datasets/strikt/strikt-main/strikt-core/src/main/kotlin/strikt/assertions/Iterable.kt
with last,,"<T : Iterable<E>, E>",2,true,1,false,true,8,true,false,false,false,116,/home/furetur/IdeaProjects/kotlin-stats-extractor/src/main/resources/datasets/strikt/strikt-main/strikt-core/src/main/kotlin/strikt/assertions/Iterable.kt
flat map,infix,"<T : Iterable<E>, E, R>",3,true,1,false,true,7,true,false,false,false,126,/home/furetur/IdeaProjects/kotlin-stats-extractor/src/main/resources/datasets/strikt/strikt-main/strikt-core/src/main/kotlin/strikt/assertions/Iterable.kt
filter,infix,"<T : Iterable<E>, E>",2,true,1,false,true,6,true,false,false,false,135,/home/furetur/IdeaProjects/kotlin-stats-extractor/src/main/resources/datasets/strikt/strikt-main/strikt-core/src/main/kotlin/strikt/assertions/Iterable.kt
filter not,infix,"<T : Iterable<E>, E>",2,true,1,false,true,6,true,false,false,false,143,/home/furetur/IdeaProjects/kotlin-stats-extractor/src/main/resources/datasets/strikt/strikt-main/strikt-core/src/main/kotlin/strikt/assertions/Iterable.kt
filter is instance,inline,<reified R>,1,false,0,false,true,6,true,false,false,false,151,/home/furetur/IdeaProjects/kotlin-stats-extractor/src/main/resources/datasets/strikt/strikt-main/strikt-core/src/main/kotlin/strikt/assertions/Iterable.kt
all,infix,"<T : Iterable<E>, E>",2,true,1,false,true,10,true,false,false,false,159,/home/furetur/IdeaProjects/kotlin-stats-extractor/src/main/resources/datasets/strikt/strikt-main/strikt-core/src/main/kotlin/strikt/assertions/Iterable.kt
all indexed,infix,"<T : Iterable<E>, E>",2,true,1,false,true,10,true,false,false,false,171,/home/furetur/IdeaProjects/kotlin-stats-extractor/src/main/resources/datasets/strikt/strikt-main/strikt-core/src/main/kotlin/strikt/assertions/Iterable.kt
any,infix,"<T : Iterable<E>, E>",2,true,1,false,true,11,true,false,false,false,183,/home/furetur/IdeaProjects/kotlin-stats-extractor/src/main/resources/datasets/strikt/strikt-main/strikt-core/src/main/kotlin/strikt/assertions/Iterable.kt
any indexed,infix,"<T : Iterable<E>, E>",2,true,1,false,true,11,true,false,false,false,196,/home/furetur/IdeaProjects/kotlin-stats-extractor/src/main/resources/datasets/strikt/strikt-main/strikt-core/src/main/kotlin/strikt/assertions/Iterable.kt
none,infix,"<T : Iterable<E>, E>",2,true,1,false,true,10,true,false,false,false,209,/home/furetur/IdeaProjects/kotlin-stats-extractor/src/main/resources/datasets/strikt/strikt-main/strikt-core/src/main/kotlin/strikt/assertions/Iterable.kt
none indexed,infix,"<T : Iterable<E>, E>",2,true,1,false,true,10,true,false,false,false,221,/home/furetur/IdeaProjects/kotlin-stats-extractor/src/main/resources/datasets/strikt/strikt-main/strikt-core/src/main/kotlin/strikt/assertions/Iterable.kt
one,infix,"<T : Iterable<E>, E>",2,true,1,false,true,4,true,false,false,false,233,/home/furetur/IdeaProjects/kotlin-stats-extractor/src/main/resources/datasets/strikt/strikt-main/strikt-core/src/main/kotlin/strikt/assertions/Iterable.kt
at least,,"<T : Iterable<E>, E>",2,true,2,false,true,14,true,false,false,false,239,/home/furetur/IdeaProjects/kotlin-stats-extractor/src/main/resources/datasets/strikt/strikt-main/strikt-core/src/main/kotlin/strikt/assertions/Iterable.kt
at most,,"<T : Iterable<E>, E>",2,true,2,false,true,14,true,false,false,false,255,/home/furetur/IdeaProjects/kotlin-stats-extractor/src/main/resources/datasets/strikt/strikt-main/strikt-core/src/main/kotlin/strikt/assertions/Iterable.kt
exactly,,"<T : Iterable<E>, E>",2,true,2,false,true,14,true,false,false,false,271,/home/furetur/IdeaProjects/kotlin-stats-extractor/src/main/resources/datasets/strikt/strikt-main/strikt-core/src/main/kotlin/strikt/assertions/Iterable.kt
contains,,"<T : Iterable<E>, E>",2,true,1,false,true,7,true,false,false,false,287,/home/furetur/IdeaProjects/kotlin-stats-extractor/src/main/resources/datasets/strikt/strikt-main/strikt-core/src/main/kotlin/strikt/assertions/Iterable.kt
contains,infix,"<T : Iterable<E>, E>",2,true,1,false,true,34,true,false,false,false,296,/home/furetur/IdeaProjects/kotlin-stats-extractor/src/main/resources/datasets/strikt/strikt-main/strikt-core/src/main/kotlin/strikt/assertions/Iterable.kt
does not contain,,"<T : Iterable<E>, E>",2,true,1,false,true,7,true,false,false,false,332,/home/furetur/IdeaProjects/kotlin-stats-extractor/src/main/resources/datasets/strikt/strikt-main/strikt-core/src/main/kotlin/strikt/assertions/Iterable.kt
does not contain,infix,"<T : Iterable<E>, E>",2,true,1,false,true,32,true,false,false,false,341,/home/furetur/IdeaProjects/kotlin-stats-extractor/src/main/resources/datasets/strikt/strikt-main/strikt-core/src/main/kotlin/strikt/assertions/Iterable.kt
contains exactly,,"<T : Iterable<E>, E>",2,true,1,false,true,9,true,false,false,false,375,/home/furetur/IdeaProjects/kotlin-stats-extractor/src/main/resources/datasets/strikt/strikt-main/strikt-core/src/main/kotlin/strikt/assertions/Iterable.kt
contains exactly,infix,"<T : Iterable<E>, E>",2,true,1,false,true,37,true,false,false,false,386,/home/furetur/IdeaProjects/kotlin-stats-extractor/src/main/resources/datasets/strikt/strikt-main/strikt-core/src/main/kotlin/strikt/assertions/Iterable.kt
contains exactly in any order,,"<T : Iterable<E>, E>",2,true,1,false,true,7,true,false,false,false,425,/home/furetur/IdeaProjects/kotlin-stats-extractor/src/main/resources/datasets/strikt/strikt-main/strikt-core/src/main/kotlin/strikt/assertions/Iterable.kt
contains exactly in any order,infix,"<T : Iterable<E>, E>",2,true,1,false,true,30,true,false,false,false,434,/home/furetur/IdeaProjects/kotlin-stats-extractor/src/main/resources/datasets/strikt/strikt-main/strikt-core/src/main/kotlin/strikt/assertions/Iterable.kt
is sorted,infix,"<T : Iterable<E>, E>",2,true,1,false,true,15,true,false,false,false,466,/home/furetur/IdeaProjects/kotlin-stats-extractor/src/main/resources/datasets/strikt/strikt-main/strikt-core/src/main/kotlin/strikt/assertions/Iterable.kt
is sorted,,"<T : Iterable<E>, E : Comparable<E>>",2,true,0,false,true,5,true,false,false,false,483,/home/furetur/IdeaProjects/kotlin-stats-extractor/src/main/resources/datasets/strikt/strikt-main/strikt-core/src/main/kotlin/strikt/assertions/Iterable.kt
has size,infix,"<T : Collection<E>, E>",2,true,1,false,true,9,true,false,false,false,4,/home/furetur/IdeaProjects/kotlin-stats-extractor/src/main/resources/datasets/strikt/strikt-main/strikt-core/src/main/kotlin/strikt/assertions/Collection.kt
is empty,,"<T : Collection<E>, E>",2,true,0,false,true,4,true,false,false,false,15,/home/furetur/IdeaProjects/kotlin-stats-extractor/src/main/resources/datasets/strikt/strikt-main/strikt-core/src/main/kotlin/strikt/assertions/Collection.kt
is not empty,,"<T : Collection<E>, E>",2,true,0,false,true,4,true,false,false,false,21,/home/furetur/IdeaProjects/kotlin-stats-extractor/src/main/resources/datasets/strikt/strikt-main/strikt-core/src/main/kotlin/strikt/assertions/Collection.kt
is greater than,infix,<T : Comparable<T>>,1,true,1,false,true,10,true,false,false,false,4,/home/furetur/IdeaProjects/kotlin-stats-extractor/src/main/resources/datasets/strikt/strikt-main/strikt-core/src/main/kotlin/strikt/assertions/Comparable.kt
is less than,infix,<T : Comparable<T>>,1,true,1,false,true,10,true,false,false,false,16,/home/furetur/IdeaProjects/kotlin-stats-extractor/src/main/resources/datasets/strikt/strikt-main/strikt-core/src/main/kotlin/strikt/assertions/Comparable.kt
is greater than or equal to,infix,<T : Comparable<T>>,1,true,1,false,true,10,true,false,false,false,28,/home/furetur/IdeaProjects/kotlin-stats-extractor/src/main/resources/datasets/strikt/strikt-main/strikt-core/src/main/kotlin/strikt/assertions/Comparable.kt
is less than or equal to,infix,<T : Comparable<T>>,1,true,1,false,true,10,true,false,false,false,40,/home/furetur/IdeaProjects/kotlin-stats-extractor/src/main/resources/datasets/strikt/strikt-main/strikt-core/src/main/kotlin/strikt/assertions/Comparable.kt
is in,infix,<T : Comparable<T>>,1,true,1,false,true,9,true,false,false,false,52,/home/furetur/IdeaProjects/kotlin-stats-extractor/src/main/resources/datasets/strikt/strikt-main/strikt-core/src/main/kotlin/strikt/assertions/Comparable.kt
contains,infix,"<T : ClosedRange<E>, E>",2,true,1,false,true,9,true,false,false,false,16,/home/furetur/IdeaProjects/kotlin-stats-extractor/src/main/resources/datasets/strikt/strikt-main/strikt-core/src/main/kotlin/strikt/assertions/ClosedRange.kt
is empty,,"<T : ClosedRange<E>, E>",2,true,0,false,true,9,true,false,false,false,27,/home/furetur/IdeaProjects/kotlin-stats-extractor/src/main/resources/datasets/strikt/strikt-main/strikt-core/src/main/kotlin/strikt/assertions/ClosedRange.kt
has length,infix,<T : CharSequence>,1,true,1,false,true,9,true,false,false,false,5,/home/furetur/IdeaProjects/kotlin-stats-extractor/src/main/resources/datasets/strikt/strikt-main/strikt-core/src/main/kotlin/strikt/assertions/CharSequence.kt
is lower case,,<T : CharSequence>,1,true,0,false,true,6,true,false,false,false,16,/home/furetur/IdeaProjects/kotlin-stats-extractor/src/main/resources/datasets/strikt/strikt-main/strikt-core/src/main/kotlin/strikt/assertions/CharSequence.kt
is upper case,,<T : CharSequence>,1,true,0,false,true,6,true,false,false,false,24,/home/furetur/IdeaProjects/kotlin-stats-extractor/src/main/resources/datasets/strikt/strikt-main/strikt-core/src/main/kotlin/strikt/assertions/CharSequence.kt
starts with,infix,<T : CharSequence>,1,true,1,false,true,10,true,false,false,false,32,/home/furetur/IdeaProjects/kotlin-stats-extractor/src/main/resources/datasets/strikt/strikt-main/strikt-core/src/main/kotlin/strikt/assertions/CharSequence.kt
starts with,infix,<T : CharSequence>,1,true,1,false,true,10,true,false,false,false,44,/home/furetur/IdeaProjects/kotlin-stats-extractor/src/main/resources/datasets/strikt/strikt-main/strikt-core/src/main/kotlin/strikt/assertions/CharSequence.kt
ends with,infix,<T : CharSequence>,1,true,1,false,true,10,true,false,false,false,56,/home/furetur/IdeaProjects/kotlin-stats-extractor/src/main/resources/datasets/strikt/strikt-main/strikt-core/src/main/kotlin/strikt/assertions/CharSequence.kt
ends with,infix,<T : CharSequence>,1,true,1,false,true,10,true,false,false,false,68,/home/furetur/IdeaProjects/kotlin-stats-extractor/src/main/resources/datasets/strikt/strikt-main/strikt-core/src/main/kotlin/strikt/assertions/CharSequence.kt
matches,infix,<T : CharSequence>,1,true,1,false,true,11,true,false,false,false,80,/home/furetur/IdeaProjects/kotlin-stats-extractor/src/main/resources/datasets/strikt/strikt-main/strikt-core/src/main/kotlin/strikt/assertions/CharSequence.kt
matches ignoring case,infix,<T : CharSequence>,1,true,1,false,true,17,true,false,false,false,93,/home/furetur/IdeaProjects/kotlin-stats-extractor/src/main/resources/datasets/strikt/strikt-main/strikt-core/src/main/kotlin/strikt/assertions/CharSequence.kt
contains,infix,<T : CharSequence>,1,true,1,false,true,11,true,false,false,false,112,/home/furetur/IdeaProjects/kotlin-stats-extractor/src/main/resources/datasets/strikt/strikt-main/strikt-core/src/main/kotlin/strikt/assertions/CharSequence.kt
contains ignoring case,infix,<T : CharSequence>,1,true,1,false,true,17,true,false,false,false,125,/home/furetur/IdeaProjects/kotlin-stats-extractor/src/main/resources/datasets/strikt/strikt-main/strikt-core/src/main/kotlin/strikt/assertions/CharSequence.kt
contains,infix,<T : CharSequence>,1,true,1,false,true,10,true,false,false,false,144,/home/furetur/IdeaProjects/kotlin-stats-extractor/src/main/resources/datasets/strikt/strikt-main/strikt-core/src/main/kotlin/strikt/assertions/CharSequence.kt
contains ignoring case,infix,<T : CharSequence>,1,true,1,false,true,11,true,false,false,false,156,/home/furetur/IdeaProjects/kotlin-stats-extractor/src/main/resources/datasets/strikt/strikt-main/strikt-core/src/main/kotlin/strikt/assertions/CharSequence.kt
is null or empty,,<T : CharSequence?>,1,true,0,false,true,8,true,false,false,false,169,/home/furetur/IdeaProjects/kotlin-stats-extractor/src/main/resources/datasets/strikt/strikt-main/strikt-core/src/main/kotlin/strikt/assertions/CharSequence.kt
is null or blank,,<T : CharSequence?>,1,true,0,false,true,9,true,false,false,false,179,/home/furetur/IdeaProjects/kotlin-stats-extractor/src/main/resources/datasets/strikt/strikt-main/strikt-core/src/main/kotlin/strikt/assertions/CharSequence.kt
is empty,,<T : CharSequence>,1,true,0,false,true,8,true,false,false,false,190,/home/furetur/IdeaProjects/kotlin-stats-extractor/src/main/resources/datasets/strikt/strikt-main/strikt-core/src/main/kotlin/strikt/assertions/CharSequence.kt
is blank,,<T : CharSequence>,1,true,0,false,true,8,true,false,false,false,200,/home/furetur/IdeaProjects/kotlin-stats-extractor/src/main/resources/datasets/strikt/strikt-main/strikt-core/src/main/kotlin/strikt/assertions/CharSequence.kt
is not empty,,<T : CharSequence>,1,true,0,false,true,9,true,false,false,false,210,/home/furetur/IdeaProjects/kotlin-stats-extractor/src/main/resources/datasets/strikt/strikt-main/strikt-core/src/main/kotlin/strikt/assertions/CharSequence.kt
is not blank,,<T : CharSequence>,1,true,0,false,true,9,true,false,false,false,221,/home/furetur/IdeaProjects/kotlin-stats-extractor/src/main/resources/datasets/strikt/strikt-main/strikt-core/src/main/kotlin/strikt/assertions/CharSequence.kt
trim,,<T : CharSequence>,1,true,0,false,true,6,true,false,false,false,240,/home/furetur/IdeaProjects/kotlin-stats-extractor/src/main/resources/datasets/strikt/strikt-main/strikt-core/src/main/kotlin/strikt/assertions/CharSequence.kt
trim,,,0,false,0,false,true,7,true,false,false,false,248,/home/furetur/IdeaProjects/kotlin-stats-extractor/src/main/resources/datasets/strikt/strikt-main/strikt-core/src/main/kotlin/strikt/assertions/CharSequence.kt
is st tibs day,,,0,false,0,false,true,7,false,true,true,false,136,/home/furetur/IdeaProjects/kotlin-stats-extractor/src/main/resources/datasets/strikt/strikt-main/strikt-core/src/test/kotlin/strikt/docs/Homepage.kt
remove snippet tags,,,0,false,0,true,false,4,true,false,false,false,231,/home/furetur/IdeaProjects/kotlin-stats-extractor/src/main/resources/datasets/strikt/strikt-main/strikt-core/src/test/kotlin/strikt/docs/Assertions.kt
is st tibs day,,,0,false,0,false,true,7,false,true,true,false,21,/home/furetur/IdeaProjects/kotlin-stats-extractor/src/main/resources/datasets/strikt/strikt-main/strikt-core/src/test/kotlin/strikt/docs/CustomAssertions.kt
is st tibs day,,,0,false,0,false,true,10,false,true,true,false,47,/home/furetur/IdeaProjects/kotlin-stats-extractor/src/main/resources/datasets/strikt/strikt-main/strikt-core/src/test/kotlin/strikt/docs/CustomAssertions.kt
is st tibs day,,,0,false,0,false,true,4,false,true,true,false,77,/home/furetur/IdeaProjects/kotlin-stats-extractor/src/main/resources/datasets/strikt/strikt-main/strikt-core/src/test/kotlin/strikt/docs/CustomAssertions.kt
contains no null elements,,"<T : Iterable<E?>, E>",2,true,0,false,true,8,false,true,true,false,98,/home/furetur/IdeaProjects/kotlin-stats-extractor/src/main/resources/datasets/strikt/strikt-main/strikt-core/src/test/kotlin/strikt/docs/CustomAssertions.kt
has length,private,,0,false,1,false,true,9,false,true,false,false,54,/home/furetur/IdeaProjects/kotlin-stats-extractor/src/main/resources/datasets/strikt/strikt-main/strikt-core/src/test/kotlin/strikt/Custom.kt
quoted,,,0,false,0,false,true,3,true,false,false,false,17,/home/furetur/IdeaProjects/kotlin-stats-extractor/src/main/resources/datasets/strikt/strikt-main/strikt-core/src/test/kotlin/strikt/assertions/minutest.kt
permute,private,<E : Comparable<E>>,1,true,0,false,true,8,false,false,false,false,12,/home/furetur/IdeaProjects/kotlin-stats-extractor/src/main/resources/datasets/strikt/strikt-main/strikt-core/src/test/kotlin/strikt/assertions/IterableAssertions.kt
permute expected,private,"<E : Comparable<E>, EX>",2,true,0,false,true,11,false,false,false,false,22,/home/furetur/IdeaProjects/kotlin-stats-extractor/src/main/resources/datasets/strikt/strikt-main/strikt-core/src/test/kotlin/strikt/assertions/IterableAssertions.kt
supports comparison assertions,,<T : Comparable<T>>,1,true,3,true,false,74,false,false,false,false,13,/home/furetur/IdeaProjects/kotlin-stats-extractor/src/main/resources/datasets/strikt/strikt-main/strikt-core/src/test/kotlin/strikt/assertions/ComparableAssertions.kt
is right,,"<L, R>",2,false,0,false,true,12,true,false,false,false,5,/home/furetur/IdeaProjects/kotlin-stats-extractor/src/main/resources/datasets/strikt/strikt-main/strikt-arrow/src/main/kotlin/strikt/arrow/Either.kt
is right,infix,"<L, R>",2,false,1,false,true,19,true,false,false,false,19,/home/furetur/IdeaProjects/kotlin-stats-extractor/src/main/resources/datasets/strikt/strikt-main/strikt-arrow/src/main/kotlin/strikt/arrow/Either.kt
is left,,"<L, R>",2,false,0,false,true,12,true,false,false,false,48,/home/furetur/IdeaProjects/kotlin-stats-extractor/src/main/resources/datasets/strikt/strikt-main/strikt-arrow/src/main/kotlin/strikt/arrow/Either.kt
is left,infix,"<L, R>",2,false,1,false,true,19,true,false,false,false,62,/home/furetur/IdeaProjects/kotlin-stats-extractor/src/main/resources/datasets/strikt/strikt-main/strikt-arrow/src/main/kotlin/strikt/arrow/Either.kt
is none,,<T>,1,false,0,false,true,12,true,false,false,false,8,/home/furetur/IdeaProjects/kotlin-stats-extractor/src/main/resources/datasets/strikt/strikt-main/strikt-arrow/src/main/kotlin/strikt/arrow/Option.kt
is some,,<T>,1,false,0,false,true,12,true,false,false,false,22,/home/furetur/IdeaProjects/kotlin-stats-extractor/src/main/resources/datasets/strikt/strikt-main/strikt-arrow/src/main/kotlin/strikt/arrow/Option.kt
is some,infix,<T>,1,false,1,false,true,19,true,false,false,false,36,/home/furetur/IdeaProjects/kotlin-stats-extractor/src/main/resources/datasets/strikt/strikt-main/strikt-arrow/src/main/kotlin/strikt/arrow/Option.kt
is valid,,"<E, A>",2,false,0,false,true,9,true,false,false,false,5,/home/furetur/IdeaProjects/kotlin-stats-extractor/src/main/resources/datasets/strikt/strikt-main/strikt-arrow/src/main/kotlin/strikt/arrow/Validated.kt
is valid,infix,"<E, A>",2,false,1,false,true,10,true,false,false,false,16,/home/furetur/IdeaProjects/kotlin-stats-extractor/src/main/resources/datasets/strikt/strikt-main/strikt-arrow/src/main/kotlin/strikt/arrow/Validated.kt
is invalid,,"<E, A>",2,false,0,false,true,9,true,false,false,false,36,/home/furetur/IdeaProjects/kotlin-stats-extractor/src/main/resources/datasets/strikt/strikt-main/strikt-arrow/src/main/kotlin/strikt/arrow/Validated.kt
is invalid,infix,"<E, A>",2,false,1,false,true,10,true,false,false,false,47,/home/furetur/IdeaProjects/kotlin-stats-extractor/src/main/resources/datasets/strikt/strikt-main/strikt-arrow/src/main/kotlin/strikt/arrow/Validated.kt
is captured,,<T : Any>,1,true,0,false,true,6,true,false,false,false,5,/home/furetur/IdeaProjects/kotlin-stats-extractor/src/main/resources/datasets/strikt/strikt-main/strikt-mockk/src/main/kotlin/strikt/mockk/CapturingSlot.kt
with captured,,<T : Any>,1,true,1,false,true,10,true,false,false,false,22,/home/furetur/IdeaProjects/kotlin-stats-extractor/src/main/resources/datasets/strikt/strikt-main/strikt-mockk/src/main/kotlin/strikt/mockk/CapturingSlot.kt
has outcome,infix,<T : BuildTask>,1,true,1,false,true,11,true,false,false,false,6,/home/furetur/IdeaProjects/kotlin-stats-extractor/src/main/resources/datasets/strikt/strikt-main/strikt-gradle/src/main/kotlin/strikt/gradle/testkit/BuildTask.kt
is success,,<T : BuildTask>,1,true,0,false,true,5,true,false,false,false,26,/home/furetur/IdeaProjects/kotlin-stats-extractor/src/main/resources/datasets/strikt/strikt-main/strikt-gradle/src/main/kotlin/strikt/gradle/testkit/BuildTask.kt
is failed,,<T : BuildTask>,1,true,0,false,true,4,true,false,false,false,33,/home/furetur/IdeaProjects/kotlin-stats-extractor/src/main/resources/datasets/strikt/strikt-main/strikt-gradle/src/main/kotlin/strikt/gradle/testkit/BuildTask.kt
is up to date,,<T : BuildTask>,1,true,0,false,true,5,true,false,false,false,39,/home/furetur/IdeaProjects/kotlin-stats-extractor/src/main/resources/datasets/strikt/strikt-main/strikt-gradle/src/main/kotlin/strikt/gradle/testkit/BuildTask.kt
is skipped,,<T : BuildTask>,1,true,0,false,true,5,true,false,false,false,46,/home/furetur/IdeaProjects/kotlin-stats-extractor/src/main/resources/datasets/strikt/strikt-main/strikt-gradle/src/main/kotlin/strikt/gradle/testkit/BuildTask.kt
is from cache,,<T : BuildTask>,1,true,0,false,true,5,true,false,false,false,53,/home/furetur/IdeaProjects/kotlin-stats-extractor/src/main/resources/datasets/strikt/strikt-main/strikt-gradle/src/main/kotlin/strikt/gradle/testkit/BuildTask.kt
is no source,,<T : BuildTask>,1,true,0,false,true,5,true,false,false,false,60,/home/furetur/IdeaProjects/kotlin-stats-extractor/src/main/resources/datasets/strikt/strikt-main/strikt-gradle/src/main/kotlin/strikt/gradle/testkit/BuildTask.kt
task,infix,<T : BuildResult>,1,true,1,false,true,5,true,false,false,false,7,/home/furetur/IdeaProjects/kotlin-stats-extractor/src/main/resources/datasets/strikt/strikt-main/strikt-gradle/src/main/kotlin/strikt/gradle/testkit/BuildResult.kt
task paths,infix,<T : BuildResult>,1,true,1,false,true,5,true,false,false,false,14,/home/furetur/IdeaProjects/kotlin-stats-extractor/src/main/resources/datasets/strikt/strikt-main/strikt-gradle/src/main/kotlin/strikt/gradle/testkit/BuildResult.kt
tasks,infix,<T : BuildResult>,1,true,1,false,true,6,true,false,false,false,28,/home/furetur/IdeaProjects/kotlin-stats-extractor/src/main/resources/datasets/strikt/strikt-main/strikt-gradle/src/main/kotlin/strikt/gradle/testkit/BuildResult.kt
is compatible with,infix,<T : MediaType?>,1,true,1,false,true,11,true,false,false,false,5,/home/furetur/IdeaProjects/kotlin-stats-extractor/src/main/resources/datasets/strikt/strikt-main/strikt-spring/src/main/kotlin/strikt/spring/MediaType.kt
status code is xx informational,,<T>,1,false,0,false,true,10,true,false,false,false,6,/home/furetur/IdeaProjects/kotlin-stats-extractor/src/main/resources/datasets/strikt/strikt-main/strikt-spring/src/main/kotlin/strikt/spring/ResponseEntity.kt
status code is xx success,,<T>,1,false,0,false,true,10,true,false,false,false,18,/home/furetur/IdeaProjects/kotlin-stats-extractor/src/main/resources/datasets/strikt/strikt-main/strikt-spring/src/main/kotlin/strikt/spring/ResponseEntity.kt
status code is xx redirection,,<T>,1,false,0,false,true,10,true,false,false,false,30,/home/furetur/IdeaProjects/kotlin-stats-extractor/src/main/resources/datasets/strikt/strikt-main/strikt-spring/src/main/kotlin/strikt/spring/ResponseEntity.kt
status code is xx client error,,<T>,1,false,0,false,true,10,true,false,false,false,42,/home/furetur/IdeaProjects/kotlin-stats-extractor/src/main/resources/datasets/strikt/strikt-main/strikt-spring/src/main/kotlin/strikt/spring/ResponseEntity.kt
status code is xx server error,,<T>,1,false,0,false,true,10,true,false,false,false,54,/home/furetur/IdeaProjects/kotlin-stats-extractor/src/main/resources/datasets/strikt/strikt-main/strikt-spring/src/main/kotlin/strikt/spring/ResponseEntity.kt
status code is,infix,<T>,1,false,1,false,true,10,true,false,false,false,66,/home/furetur/IdeaProjects/kotlin-stats-extractor/src/main/resources/datasets/strikt/strikt-main/strikt-spring/src/main/kotlin/strikt/spring/ResponseEntity.kt
status code is,infix,<T>,1,false,1,false,true,10,true,false,false,false,78,/home/furetur/IdeaProjects/kotlin-stats-extractor/src/main/resources/datasets/strikt/strikt-main/strikt-spring/src/main/kotlin/strikt/spring/ResponseEntity.kt
content type is compatible with,infix,<T : ServletResponse>,1,true,1,false,true,10,true,false,false,false,14,/home/furetur/IdeaProjects/kotlin-stats-extractor/src/main/resources/datasets/strikt/strikt-main/strikt-spring/src/main/kotlin/strikt/spring/ServletResponse.kt
has,infix,<T : JsonNode>,1,true,1,false,true,10,true,false,false,false,20,/home/furetur/IdeaProjects/kotlin-stats-extractor/src/main/resources/datasets/strikt/strikt-main/strikt-jackson/src/main/kotlin/strikt/jackson/JsonNode.kt
path,infix,<T : JsonNode>,1,true,1,false,true,9,true,false,false,false,32,/home/furetur/IdeaProjects/kotlin-stats-extractor/src/main/resources/datasets/strikt/strikt-main/strikt-jackson/src/main/kotlin/strikt/jackson/JsonNode.kt
at,infix,<T : JsonNode>,1,true,1,false,true,8,true,false,false,false,43,/home/furetur/IdeaProjects/kotlin-stats-extractor/src/main/resources/datasets/strikt/strikt-main/strikt-jackson/src/main/kotlin/strikt/jackson/JsonNode.kt
at,infix,<T : JsonNode>,1,true,1,false,true,8,true,false,false,false,53,/home/furetur/IdeaProjects/kotlin-stats-extractor/src/main/resources/datasets/strikt/strikt-main/strikt-jackson/src/main/kotlin/strikt/jackson/JsonNode.kt
is object,,<T : JsonNode>,1,true,0,false,true,8,true,false,false,false,63,/home/furetur/IdeaProjects/kotlin-stats-extractor/src/main/resources/datasets/strikt/strikt-main/strikt-jackson/src/main/kotlin/strikt/jackson/JsonNode.kt
is array,,<T : JsonNode>,1,true,0,false,true,8,true,false,false,false,73,/home/furetur/IdeaProjects/kotlin-stats-extractor/src/main/resources/datasets/strikt/strikt-main/strikt-jackson/src/main/kotlin/strikt/jackson/JsonNode.kt
is textual,,<T : JsonNode>,1,true,0,false,true,8,true,false,false,false,83,/home/furetur/IdeaProjects/kotlin-stats-extractor/src/main/resources/datasets/strikt/strikt-main/strikt-jackson/src/main/kotlin/strikt/jackson/JsonNode.kt
is number,,<T : JsonNode>,1,true,0,false,true,8,true,false,false,false,93,/home/furetur/IdeaProjects/kotlin-stats-extractor/src/main/resources/datasets/strikt/strikt-main/strikt-jackson/src/main/kotlin/strikt/jackson/JsonNode.kt
is boolean,,<T : JsonNode>,1,true,0,false,true,8,true,false,false,false,103,/home/furetur/IdeaProjects/kotlin-stats-extractor/src/main/resources/datasets/strikt/strikt-main/strikt-jackson/src/main/kotlin/strikt/jackson/JsonNode.kt
is missing,,<T : JsonNode>,1,true,0,false,true,8,true,false,false,false,113,/home/furetur/IdeaProjects/kotlin-stats-extractor/src/main/resources/datasets/strikt/strikt-main/strikt-jackson/src/main/kotlin/strikt/jackson/JsonNode.kt
text value,,<T : JsonNode>,1,true,0,false,true,9,true,false,false,false,123,/home/furetur/IdeaProjects/kotlin-stats-extractor/src/main/resources/datasets/strikt/strikt-main/strikt-jackson/src/main/kotlin/strikt/jackson/JsonNode.kt
number value,,<T : JsonNode>,1,true,0,false,true,9,true,false,false,false,134,/home/furetur/IdeaProjects/kotlin-stats-extractor/src/main/resources/datasets/strikt/strikt-main/strikt-jackson/src/main/kotlin/strikt/jackson/JsonNode.kt
boolean value,,<T : JsonNode>,1,true,0,false,true,9,true,false,false,false,145,/home/furetur/IdeaProjects/kotlin-stats-extractor/src/main/resources/datasets/strikt/strikt-main/strikt-jackson/src/main/kotlin/strikt/jackson/JsonNode.kt
find values as text,,<T : JsonNode>,1,true,1,false,true,7,true,false,false,false,156,/home/furetur/IdeaProjects/kotlin-stats-extractor/src/main/resources/datasets/strikt/strikt-main/strikt-jackson/src/main/kotlin/strikt/jackson/JsonNode.kt
has node type,infix,<T : JsonNode>,1,true,1,false,true,21,true,false,false,false,165,/home/furetur/IdeaProjects/kotlin-stats-extractor/src/main/resources/datasets/strikt/strikt-main/strikt-jackson/src/main/kotlin/strikt/jackson/JsonNode.kt
has size,infix,,0,false,1,false,true,9,true,false,false,false,188,/home/furetur/IdeaProjects/kotlin-stats-extractor/src/main/resources/datasets/strikt/strikt-main/strikt-jackson/src/main/kotlin/strikt/jackson/JsonNode.kt
size,,,0,false,0,false,true,6,true,false,false,false,199,/home/furetur/IdeaProjects/kotlin-stats-extractor/src/main/resources/datasets/strikt/strikt-main/strikt-jackson/src/main/kotlin/strikt/jackson/JsonNode.kt
text values,,,0,false,0,false,true,4,true,false,false,false,207,/home/furetur/IdeaProjects/kotlin-stats-extractor/src/main/resources/datasets/strikt/strikt-main/strikt-jackson/src/main/kotlin/strikt/jackson/JsonNode.kt
is empty,,,0,false,0,true,false,8,true,false,false,false,7,/home/furetur/IdeaProjects/kotlin-stats-extractor/src/main/resources/datasets/strikt/strikt-main/strikt-protobuf/src/main/kotlin/strikt/protobuf/Any.kt
unpacks to,inline,<reified T : Message>,1,true,0,true,false,14,true,false,false,false,17,/home/furetur/IdeaProjects/kotlin-stats-extractor/src/main/resources/datasets/strikt/strikt-main/strikt-protobuf/src/main/kotlin/strikt/protobuf/Any.kt
unpack,inline,<reified T : Message>,1,true,0,false,true,7,true,false,false,false,33,/home/furetur/IdeaProjects/kotlin-stats-extractor/src/main/resources/datasets/strikt/strikt-main/strikt-protobuf/src/main/kotlin/strikt/protobuf/Any.kt
